board_id,board_name,stream_id,stream_name,subjects
1002,BOARD OF HIGHER SECONDARY EXAMINATION( KERALA HSE),1,Science,ARABIC | Agriculture | BIOLOGY | Biology | CHEMISTRY | COMPUTER SCIENCE | Chemistry | Computer Science | Computer science | Distribution line man | ENGLISH | ENTREPRENEURSHIP DEVELOPMENT | Electronics | English | Entrepreneurship Development | FITNESS TRAINER | FRENCH | French | Geology | German | HINDI | HOME SCIENCE | Hindi | Home Science | LATIN | MALAYALAM | MATHEMATICS | Malayalam | Mathamathics | Mathemathics | Mathematics | PHYSICS | PSYCHOLOGY | Physics | Psycology | SANSKRIT | SYRIAC | Sanskrit | Statistics | TAMIL | URDU | a | chemistry
1002,BOARD OF HIGHER SECONDARY EXAMINATION( KERALA HSE),2,Humanities,ANTHROPOLOGY | ARABIC | Anthropology | Arabic | Arabic (Optional) | COMMUNICATIVE ENGLISH | COMPUTER APPLICATION | COMPUTER APPLICATION-HUM | Communication English | Communicative English | Communicative english | Computer Application | Computer application | Computer application-HUM | ECNOMICS | ECONOMICS | ENGLISH | ENGLISH LITERATURE | Econmics | Economics | Engish | English | English Literature | FRENCH | GANDHIAN STUDIES | GEOGRAPHY | GEOLOGY | Gandhian Studies | Gandian Studies | Geography | Geology | HINDI | HISTORY | Hindi | History | Islamic History | JOURNALISM | Journalism | Kannada | MALAYALAM | MALAYALAM OPTIONAL | Malayalam | Music | OPTIONAL MALAYALAM | PHILOSOPHY | POLITICAL SCIENCE | POLITICAL SCINCE | POLITICALSIENCE | PSYCHOLOGY | Philosophy | Political Science | Political science | Politics | Pshychology | Psychology | RUSSIAN | Russian | SANKRIT SAHITYA | SANSKRIT | SANSKRIT SHASTHRA | SOCIAL WORK | SOCIOLOGY | STATISTICS | SYRIAC | Sanskrit | Sanskrit Sahitya | Sanskrit Sasthra | Social Work | Social work | Sociology | Statistics | Syriac | TAMIL | Tamil | URDU | Urdu
1002,BOARD OF HIGHER SECONDARY EXAMINATION( KERALA HSE),3,Commerce,ACCOUNTACY WITH COMPUTER ACCOUNTING | ACCOUNTANCY | ACCOUNTANCY WITH AFS | ACCOUNTANCY WITH CA | ACCOUNTANCY WITH COMPUTER ACCOUNTING | ACCOUNTANCY WITH COMPUTER ACOUNTING | ACCOUNTANCY WITH COMPUTERISED ACCOUNTING | ACCOUTANCY WITH COMPUTER ACCOUNTING | ARABIC | Accountacy | Accountancy | Accountancy With Computer Accounting | Accountancy with AFS | Accountancy with computer accounting | Accountantcy with computer accounting | Additional Language | Arabic | BUSINESS STUDIES | BUSINESS STUDIES WITH FUNCTIONAL MANAGEMENT | Book keeping & Accountancy | Business Studies | Business Studies With Functional Management | Business studies | Business studies with functional management | COMPUTER APPLICATION | COMPUTER APPLICATION -COM | COMPUTER APPLICATION-COM | COMPUTER SCIENCE | Commerce | Computer Application | Computer Application-Com | Computer application | Computer application commerce | ECONOMICS | ECONOMIICS | ENGLISH | Economics | English | FRENCH | GERMAN | HINDI | Hindi | MALAYALAM | MATHEMATICS | MATHEMATICS-COM | MATHEMATICSCOM | Malayalam | Mathematics | Mathematics (commerce) | POLITICAL SCIENCE | Political Science | Political science | Politics | SANSKRIT | STATISTICS | SYRIAC | Statistics | Syriac | TAMIL | Tamil | Urdu | accountancy with computer accounting | computer application | economics | english | malayalam
1002,BOARD OF HIGHER SECONDARY EXAMINATION( KERALA HSE),85,computer science,CHEMISTRY | COMPUTER SCIENCE | Chemistry | Computer Science | Computer science | ENGLISH | English | FRENCH | German | HINDI | MALAYALAM | MATHEMATICS | Malayalam | Mathematics | Maths | PHYSICS | Physics | RUSSIAN | Sanskrit
1003,BOARD OF VOCATIONAL HIGHER SECONDARY EXAMINATIONS (KERALA VHSE),10,Vocational Course,"ADDITIONAL MATHS | Accountancy | BIOLOGY | Biology | Business studies | CHEMISTRY | Chemistry | Communicative English | Computer application | ENGLISH | ENTEREPRENEURSHIP DEVELOPMENT | ENTREPRENEURSHIP DEVELOPMENT | Economics | English | Entrepreneurship Development | GFC | Gandhiyan studies | Geography | History | Management | Mathematics | PHYSICS | Physics | Sanskrit | Skill module1, 2 | VOCATIONAL THEORY | VOCATIONAL THEORY and Skill Evaluation | Vocational Theory and Skill Evaluation | Vocational Theory and Skill Evaluation (Total) | Vocational theory and Skill evaluation"
1003,BOARD OF VOCATIONAL HIGHER SECONDARY EXAMINATIONS (KERALA VHSE),71,Science,Biology | CHEMISTRY | Chemistry | ENGLISH | ENTREPRENEURSHIP DEVELOPMENT | English | Entrepreneurship Development | MATHS | PHYSICS | Physics | VOCATIONAL THEORY | Vocational Theory and Skill Evaluation
1004,NATIONAL INSTITUTE OF OPEN SCHOOLING (NIOS),42,Physics/Chemistry/Mathematics/Biology,BIOLOGY | Biology | CHEMISTRY | Chemistry | DATA ENTRY OPERATION | ENGLISH | English | Hindi | MATHEMATICS | Mathematics | PHYSICS | Physics
1004,NATIONAL INSTITUTE OF OPEN SCHOOLING (NIOS),43,Physics/Chemistry/Mathematics/Computer Science,Chemistry | Computer Science | English | Hindi | Mathematics | Physics
1004,NATIONAL INSTITUTE OF OPEN SCHOOLING (NIOS),44,Physics/Chemistry/Home Science/Biology,Biology | Chemistry | DATA ENTRY OPERATIONS | English | Hindi | Home Science | Physics
1004,NATIONAL INSTITUTE OF OPEN SCHOOLING (NIOS),45,Physics/Chemistry/Home Science/Computer Science,Chemistry | Computer Science | English | Hindi | Home Science | Physics
1004,NATIONAL INSTITUTE OF OPEN SCHOOLING (NIOS),46,Economics/Political Science/Sociology/Accountancy,ACCOUNTANCY | Accountancy | Business Studies | COMMERCE | ENGLISH | Economics | English | HINDI | Hindi | History | POLITICAL SCIENCE | Political Science | SOCIOLOGY | Sociology
1004,NATIONAL INSTITUTE OF OPEN SCHOOLING (NIOS),47,Data entry operation/Economics/Business studies/Accountancy,ACCOUNTANCY | Accountancy | BUSINESS STUDIES | Business studies | COMMERCE / BUSINESS STUDIES | DATA ENTRY | DATA ENTRY OPERATION | DATA ENTRY OPERATIONS | Data entry operations (voc) | ECONOMICS | ENGLISH | Economics | English | Hindi | History | MALAYALAM | Malayalam | Sociology
1004,NATIONAL INSTITUTE OF OPEN SCHOOLING (NIOS),48,Psycolgy/History/Political science/Sociology,English | Hindi | History | PSYCHOLOGY | Political Science | Sociology
1004,NATIONAL INSTITUTE OF OPEN SCHOOLING (NIOS),51,Commerce,ACCOUNTANCY | Accountancy | BUS. STUDIES/COMMERCE | BUS.STUDIES/COMMERCE | BUSINESS STUDIES | Bus. Studies / Commerce | Business Studies | Business studies | COMMERCE / BUSINESS STUDIES | COMMERCE/ B. STUD. | COMMERCE/BUSINESS STUDIES | DATA ENTRY OPERATION | DATA ENTRY OPERATIONS | Data Entry | Data entry operation | ECONOMICS | ENGLISH | ENVIRONMENTAL SCIENCE | Economics | English | HINDI | HOME SCIENCE | Hindi | Home Science | Home science | Homescience | MALAYALAM | MALYALAM | MASS COMMUNICATION | Malayalam | Mass Communication | Masscommunication | PAINTING | POL.SCIENCE | POLITICAL SCIENCE | POLTICAL SCIENCE | PSYCHOLOGY | Political Science | Political science | SOCIOLOGY | Sociology
1004,NATIONAL INSTITUTE OF OPEN SCHOOLING (NIOS),54,Humanities,BUSINESS STUDIES | Business Studies | Business studies | COMMERCE | COMMERCE / BUSINESS STUDIES | COMMERCE/B.STUD. | DATA ENTRY | DATA ENTRY  OPER | DATA ENTRY OPERATION | DATA ENTRY OPERATIONS | Data entry | Data entry operation | ECONOMICS | ENGLISH | ENVIRONMENTAL SCI | English | HINDI | HISTORY | HOME SCIENCE | Hindi | History | Home science | MALAYALAM | MASS COMMUNICATION | Malayalam | Mass communication | PAINTING | POL.SCIENCE | POLITICAL SCIENCE | Political science | Psychology | SOCIOLOGY | Sociology
1004,NATIONAL INSTITUTE OF OPEN SCHOOLING (NIOS),58,Science,BIOLOGY | Biology | CHEMISTRY | COMPUTER & OFF. APP | COMPUTER & OFF. APP. | COMPUTER SCIENCE | Chemistry | DATA ENTRY | DATA ENTRY OPERATION | DATA ENTRY OPERATIONS | Data Entry | Data Entry Operation | Data Entry Operations | ENGLISH | English | HOME SCIENCE | Hindi | MALAYALAM | MATHEMATICS | Malayalam | Mathematics | PAINTING | PHYSICS | Physics | Psycology | Sociology
1004,NATIONAL INSTITUTE OF OPEN SCHOOLING (NIOS),72,Commerce/Painting/Home Science/Data Entry,BUSINESS STUDIES | Commerce/B. stud. | DATA ENTRY OPERATIONS | Data entry oper. | ENGLISH | English | HOME SCIENCE | Home science | MASS COMMUNICATION | PAINTING | Painting | Pol science
1004,NATIONAL INSTITUTE OF OPEN SCHOOLING (NIOS),73,History/Political Science/Sociology/Business Studies,BUSINESS STUDIES | English | HINDI | HISTORY | Hindi | POLITICAL SCIENCE | SOCIOLOGY
1004,NATIONAL INSTITUTE OF OPEN SCHOOLING (NIOS),75,Commerce,ACCOUNTANCY | BUS. STUDIES/COMMERECE | BUSINESS STUDIES | CATERING MANAGEMENT | COMMERCE/BUSINESS STUDIES | DATA ENTRY OPERATION | ECONOMICS | ENGLISH | HOME SCIENCE | MALAYALAM | MASS COMMUNICATION | POLITICAL SCIENCE
1004,NATIONAL INSTITUTE OF OPEN SCHOOLING (NIOS),87,HUMANITIES,BUSINES STUDIES | BUSINESS STUDIES | BUSINESS STUDIES/COMMERCE | Business studies | COMMERCE / BUSINESS STUDIES | DATA ENTRY OPERATION | DATA ENTRY OPERATIONS | ECONOMICS | ENGLISH | English | GANDHIAN STUDIES | HINDI | HISTORY | HOME SCIENCE | HOTEL FRONT OFFICE OPERATION (VOC) | HOUSE KEEPING (VOC) | Hindi | History | Home Science | MALAYALAM | Malayalam | Mass Communication | POLITICAL SCIENCE | POLOITICALSCIENCE | PSYCHOLOGY | Political Science | Political science | Psychology | SOCIOLOGY | Sociology | Tourism
1004,NATIONAL INSTITUTE OF OPEN SCHOOLING (NIOS),88,Commerce/Sociology/Political Science/Hindi,COMMERCE/B.STUD. | ENGLISH | HINDI | POLITICAL SCIENCE | SOCIOLOGY
1004,NATIONAL INSTITUTE OF OPEN SCHOOLING (NIOS),94,Home Science/Malayalam/History/Data Entry,Data Entry Operations | English | History | Home Science | Malayalam
1004,NATIONAL INSTITUTE OF OPEN SCHOOLING (NIOS),95,physics/commerce/political science,BUSINESS STUDIES | ENGLISH | MALAYALAM | PHYSICS | POLITICAL SCIENCE | PSYCHOLOGY
1004,NATIONAL INSTITUTE OF OPEN SCHOOLING (NIOS),98,Commerce/Physical education and yoga/Data entry/Homecience,BUS. STUDIES/COMMERCE | DATA ENRY OPERATION | ENGLISH | HOME SCIENCE | MASS COMMUNICATION | PHYSICAL EDUCATION & YOG
1005,"COUNCIL FOR THE INDIAN SCHOOL CERTIFICATE EXAMINATIONS,NEW DELHI",4,Science,BIOLOGY | Biology | CHEMISTRY | COMPUTER SCIENCE | Chemistry | Computer Science | ECONOMICS | ENGLISH | English | English1 | English2 | HINDI | HOME SCIENCE | Hindi | MALAYALAM | MATHEMATICS | Malayalam | Mathematics | PHYSICS | PSYCHOLOGY | Physics | Psychology | SUPW  AND COMMUNITY SERVICE
1005,"COUNCIL FOR THE INDIAN SCHOOL CERTIFICATE EXAMINATIONS,NEW DELHI",5,Commerce,ACCOUNTANCY | ACCOUNTS | Accountancy | Accounts | BUSINESS STUDIES | Business Studies | Business studies | COMMERCE | COMPUTER  SCIENCE | COMPUTER SCIENCE | Commerce | Computer Application | Computer Science | ECONOMICS | ENGLISH | Economics | Elective English | English | English 1 | English 2 | HINDI | Hindi | MALAYALAM | MATHEMATICS | Malayalam | Mathematics | PHYSICAL EDUCATION | Physical Education | Psychology | SUPW & COMMUNITY SERVICE | accounts | commerce | economics | english | malayalam
1005,"COUNCIL FOR THE INDIAN SCHOOL CERTIFICATE EXAMINATIONS,NEW DELHI",6,Arts/Humanities,Arts | BUSINESS STUDIES | ECONOMICS | ELECTIVE ENGLISH | ENGLISH | Economics | English | English Literature | Environmental Education | Geography | HISTORY | History | MALAYALAM | PHYSICAL EDUCATION | POLITICAL SCIENCE | POLITICS | Physical Education | Political Science | Psychology | SOCIOLOGY | SUPW | Sociology | psycology | sociology
1006,CENTRAL BOARD OF SECONDARY EDUCATION (CBSE),7,Science,ARTIFICIAL INTELLIGENCE | Arabic | Artificial Intelligence | BIO TECHNOLOGY | BIOLOGY | BUSINESS STUDIES | Banking | Biology | Business Studies | CHEMISTRY | COMPUTER SCIENCE | Chemistry | Computer Science | Computer science | ECONOMICS | ENGINEERING DRAWING | ENGLISH | ENGLISH CORE | ENTREPRENEURSHIP | Early childhood and education | Economics | Engineering graphics | English | English Core | English core | Entrepreneurship | FASHION STUDIES | FINANCIAL MARKETS MANAGEMENT | FOOD NUTRITION & DIETITICS | Fashion Studies | Fine Arts (Painting) | Fine Arts (painting) | French | GEOSPATIAL TECHNOLOGY | General studies | HEALTH & PHYSICAL EDUCATION | HINDI | HISTORY | HOME SCIENCE | Health and physical education | Hindi | Home Science | Home science | Human Rights and Gender Studies | INFORMATICS PRACTICE | INFORMATICS PRACTICES | Informatics Practices | Informatics practices | Information Practices | LEGAL STUDIES | MALAYALAM | MATHEMATICS | MATHS | Malayalam | Mathematics | Maths | PHYSICAL EDUCATION | PHYSICS | POLITICAL SCIENCE | PSYCHOLOGY | Phsyics | Physical Education | Physics | Psychology | SANSKRIT | Sanskrit | Sociology | Typography& computer applications | WORK EXPERIENCE | Work experience | Yoga | chemistry | english | mathematics | maths | physical education | physics | psychology
1006,CENTRAL BOARD OF SECONDARY EDUCATION (CBSE),8,Commerce,ACCOUNTANCY | ACCOUNTS | APP/ COMMERCIAL ART | ARABIC | Accountancy | Applied Mathematics | Applied mathematics | Arabic | BANKING | BUISNESS STUDIES | BUSINESS ADMINISTRATION | BUSINESS STUDIES | BUSINESSS | Banking | Business | Business Administration | Business Studies | Business studies | COMMERCE | COMPUTER SCIENCE | Commercial art | Computer Application | Computer Science | Computer science | Creative english and translations | ECNOMICS | ECONOMICS | ENGLISH | ENGLISH CORE | ENTREPRENEURSHIP | Economics | English | English Core | English core | Entrepreneurship | FASHION STUDIES | FINANCIAL MARKETS MANAGEMENT | Fashion Studies | Fine arts | French | Geography | HINDI | HISTORY | HOME SCIENCE | HUMAN RIGHTS & G S | Hindi | Home Science | Home science | INFORMATIC PRACTICS | INFORMATIC PRATICES | INFORMATICS PRAC | INFORMATICS PRACTICE | INFORMATICS PRACTICES | INFORMATION PRACTICES | INFORMATION TECHNOLOGY | Informatic practices | Informatics Practices | Informatics practices | Informatics practices (New) | Legal Studies | Legal studies | MALAYALAM | MARKETING | MASS MEDIA | MASS MEDIA 1 | MASS MEDIA 2 | MATHEMATICS | MULTIMEDIA AND WEB TECHNOLOGY | Malayalam | Marketing | Mathematics | PAINTING | PHYSICAL EDUCATION | POLITICAL SCIENCE | PSYCHOLOGY | Physical Education | Physical education | Psychology | Salesmanship | Sanskrit | Sociology | T CR&COM PROC MM-1 | TAMIL | Taxation | U EV&FORMS OF MM-2 | WORK EXPERIENCE | Work experience | YOGA | accountancy | artificial intelligence | business studies | economics | english | mathematics | physical education | psychology
1006,CENTRAL BOARD OF SECONDARY EDUCATION (CBSE),9,Arts/Humanities,ACCOUNTANCY | APP/COMMERCIAL ART | Accountancy | Artificial intelligence | BUSINESS ADMINISTRATION | BUSINESS STUDIES | Bharatnatyam-Dance | Business Studies | Computer Science | ECONOMICS | ENGHLISH CORE | ENGLISH | ENGLISH CORE | ENTREPRENEURSHIP | Economic | Economics | English | English Core | English core | Entrepreneurship | FASHION STUDIES | FINE ARTS | FOOD PRODUCTION | Fashion Studies | French | GEOGRAPHY | Geography | HINDI | HINDI CORE | HINDI ELECTIVE | HISTORY | HOME SCIENCE | Health and Physical Education | Health and physical education | Hindi | Hindusthani Music Vocals | History | Home Science | Home science | INFORMATIC PRACTICES | INFORMATICS PRAC. (NEW) | INFORMATICS PRACTICE | INFORMATICS PRACTICES | INFORMATION TECHNOLOGY | Informatics Practices | Informatics Practices (Old) | Informatics Practises | Informatics practices | LEGAL STUDIES | Legal | Legal studies | MALAYALAM | MARKETING | MASS MEDIA | MASS MEDIA 1 | MASS MEDIA 2 | MASS MEDIA STUDIES | MATHEMATHICS | MATHEMATICS | Malayalam | Marketing | Mass Media/Communications | Mathematics | Mulitmedia and web technology | Nil | PAINTING | PHYCHOLOGY | PHYSICAL EDUCATION | POLITICAL SCIENCE | POLITICS | PSYCHOLOGY | PSYCOLOGY | Painting | Physical Education | Political Science | Political science | Politics | Psychology | SANSKRIT | SOCIOLOGY | Sociology | Work experience | english | geography | history | sociology
1007,DEPARTMENT OF PRE-UNIVERSITY EDUCATION(KARNATAKA),11,Science,BIOLOGY | Biology | CHEMISTRY | Chemistry | Computer Science | ENGLISH | Economics | English | Geology | HINDI | Hindi | Home Science | KANNADA | MATHEMATICS | Malayalam | Mathematics | PHYSICS | Physics | Statistics
1007,DEPARTMENT OF PRE-UNIVERSITY EDUCATION(KARNATAKA),12,Business Studies,Accountancy | Accountancy. | Business Mathematics | Business studies | Computer Science | Economics | English | Geography | Hindi | History | Malayalam | Statistics
1007,DEPARTMENT OF PRE-UNIVERSITY EDUCATION(KARNATAKA),13,Humanities (Arts),ECONOMICS | ENGLISH | Economics | Education I | Education II | English | French | Geography | HISTORY | Hindi | Hindi / Kannada | History | KANNADA | Logic | Malayalam | POLITICAL SCIENCE | Political Science | Psychology | SOCIOLOGY | Sociology | Statistics
1007,DEPARTMENT OF PRE-UNIVERSITY EDUCATION(KARNATAKA),63,Commerce,Accountancy | Business studies | Computer science | Economic | Economics | English | French | Kannada | Statistics
1008,"STATE BOARD OF SCHOOL EXAMINATIONS,TAMIL NADU",14,Physics/Chemistry/Statistics/Mathematics,Chemistry | English | French | Hindi | Malayalam | Mathematics | Physics | Statistics | Tamil
1008,"STATE BOARD OF SCHOOL EXAMINATIONS,TAMIL NADU",15,Physics/Chemistry/Computer Science/Mathematics,Chemistry | Computer Science | English | French | Hindi | Malayalam | Mathematics | Physics | Tamil
1008,"STATE BOARD OF SCHOOL EXAMINATIONS,TAMIL NADU",16,Physics/Chemistry/Biology/Mathematics,Biology | Chemistry | English | French | Hindi | Malayalam | Mathematics | Physics | Tamil
1008,"STATE BOARD OF SCHOOL EXAMINATIONS,TAMIL NADU",17,Physics/Chemistry/Bio-Chemistry/Mathematics,Bio-Chemistry | Chemistry | English | French | Hindi | Malayalam | Mathematics | Physics | Tamil
1008,"STATE BOARD OF SCHOOL EXAMINATIONS,TAMIL NADU",18,Physics/Chemistry/Communicative English/Mathematics,Chemistry | Communicative English | English | French | Hindi | Malayalam | Mathematics | Physics | Tamil
1008,"STATE BOARD OF SCHOOL EXAMINATIONS,TAMIL NADU",19,Physics/Chemistry/Mathematics/Home Science,Chemistry | English | French | Hindi | Home Science | Malayalam | Mathematics | Physics | Tamil
1008,"STATE BOARD OF SCHOOL EXAMINATIONS,TAMIL NADU",20,Physics/Chemistry/Biology/Computer Science,Biology | Chemistry | Computer Science | English | French | Hindi | Malayalam | Physics | Tamil
1008,"STATE BOARD OF SCHOOL EXAMINATIONS,TAMIL NADU",21,Physics/Chemistry/Biology/Micro-Biology,Biology | Chemistry | English | French | Hindi | Malayalam | Micro-Biology | Physics | Tamil
1008,"STATE BOARD OF SCHOOL EXAMINATIONS,TAMIL NADU",22,Physics/Chemistry/Biology/Bio-Chemistry,Bio-Chemistry | Biology | Chemistry | English | French | Hindi | Malayalam | Physics | Tamil
1008,"STATE BOARD OF SCHOOL EXAMINATIONS,TAMIL NADU",23,Physics/Chemistry/Biology/Nursing,Biology | Chemistry | English | French | Hindi | Malayalam | Nursing | Physics | Tamil
1008,"STATE BOARD OF SCHOOL EXAMINATIONS,TAMIL NADU",24,Physics/Chemistry/Biology/Nutrition & Dietics,Biology | Chemistry | English | French | Hindi | Malayalam | Nutrition & Dietics | Physics | Tamil
1008,"STATE BOARD OF SCHOOL EXAMINATIONS,TAMIL NADU",25,Physics/Chemistry/Biology/Communicative English,Biology | Chemistry | Communicative English | English | French | Hindi | Malayalam | Physics | Tamil
1008,"STATE BOARD OF SCHOOL EXAMINATIONS,TAMIL NADU",26,Physics/Chemistry/Biology/Home Science,Biology | Chemistry | English | French | Hindi | Home Science | Malayalam | Physics | Tamil
1008,"STATE BOARD OF SCHOOL EXAMINATIONS,TAMIL NADU",27,Physics/Chemistry/Biology/Zoology,Biology | Botany | Chemistry | English | French | Hindi | Malayalam | Physics | Tamil | Zoology
1008,"STATE BOARD OF SCHOOL EXAMINATIONS,TAMIL NADU",28,Statistics/Economics/Commerce/Accountancy,Accountancy | Commerce | Economics | English | French | Hindi | Malayalam | Statistics | Tamil
1008,"STATE BOARD OF SCHOOL EXAMINATIONS,TAMIL NADU",29,Computer Science/Economics/Commerce/Accountancy,Accountancy | Commerce | Computer Science | Economics | English | French | Hindi | Malayalam | Tamil | accontancy | commerce | computer applications | economics | english | tamil
1008,"STATE BOARD OF SCHOOL EXAMINATIONS,TAMIL NADU",30,Communicative English/Economics/Commerce/Accountancy,Accountancy | Commerce | Communicative English | Economics | English | French | Hindi | Malayalam | Tamil
1008,"STATE BOARD OF SCHOOL EXAMINATIONS,TAMIL NADU",31,History/Economics/Commerce/Accountancy,Accountancy | Commerce | Economics | English | French | Hindi | History | Malayalam | Tamil
1008,"STATE BOARD OF SCHOOL EXAMINATIONS,TAMIL NADU",32,Economics/Political Science/Commerce/Accountancy,Accountancy | Commerce | Economics | English | French | Hindi | Malayalam | Political Science | Tamil
1008,"STATE BOARD OF SCHOOL EXAMINATIONS,TAMIL NADU",33,Economics/Commerce/Accountancy/Indian Culture,Accountancy | Commerce | Economics | English | French | Hindi | Indian Culture | Malayalam | Tamil
1008,"STATE BOARD OF SCHOOL EXAMINATIONS,TAMIL NADU",34,Economics/Commerce/Accountancy/Advanced Language,Accountancy | Advanced Language | Commerce | Economics | English | French | Hindi | Malayalam | Tamil
1008,"STATE BOARD OF SCHOOL EXAMINATIONS,TAMIL NADU",35,Commerce,Accountancy | Business Maths | Commerce | Economics | English | French | Hindi | Malayalam | Tamil
1008,"STATE BOARD OF SCHOOL EXAMINATIONS,TAMIL NADU",36,Statistics/Geography/History/Economics,Economics | English | French | Geography | Hindi | History | Malayalam | Statistics | Tamil
1008,"STATE BOARD OF SCHOOL EXAMINATIONS,TAMIL NADU",37,Computer Science/Geography/History/Economics,Computer Science | Economics | English | French | Geography | Hindi | History | Malayalam | Tamil
1008,"STATE BOARD OF SCHOOL EXAMINATIONS,TAMIL NADU",38,Geography/Communicative English/History/Economics,Communicative English | Economics | English | French | Geography | Hindi | History | Malayalam
1008,"STATE BOARD OF SCHOOL EXAMINATIONS,TAMIL NADU",39,Geography/History/Economics/Political Science,ECONOMICS | ENGLISH | Economics | English | French | GEOGRAPHY | Geography | HISTORY | Hindi | History | LANGUAGE (MALAYALAM) | Malayalam | POLITICAL SCIENCE | Political Science | Tamil
1008,"STATE BOARD OF SCHOOL EXAMINATIONS,TAMIL NADU",40,Geography/History/Economics/Indian Culture,Economics | English | French | Geography | Hindi | History | Indian Culture | Malayalam | Tamil
1008,"STATE BOARD OF SCHOOL EXAMINATIONS,TAMIL NADU",41,Geography/History/Economics/Advanced Language,Advanced Language | Economics | English | French | Geography | Hindi | History | Malayalam | Tamil
1008,"STATE BOARD OF SCHOOL EXAMINATIONS,TAMIL NADU",82,Computer Applications /Economics/Commerce/Accountancy/English,Accountancy | Commerce | Computer Applications | Economics | English | French
1011,BOARD OF TECHNICAL HIGHER SECONDARY EDUCATION (THSE),49,Integrated Science,Biology | CHEMISTRY | COMPUTER INFORMATION TECHNOLOGY | Chemistry | Computer Information Technology | Computer Science and Information Technology | ELECTRONICS SYSTEMS | ENGLISH | English | MATHEMATICS | Mathematics | Mathematics-Sci | PHYSICS | Physics
1011,BOARD OF TECHNICAL HIGHER SECONDARY EDUCATION (THSE),50,Physical Science,Chemistry | Computer Information Technology | Computer science and information technology | Electronic Service Technology | Electronics | English | Mathematics | Physics
1013,Kerala State Open School,52,Commerce,ACCOUNTANCY WITH COMPUTER ACCOUNTING | Accountancy With Computer Accounting | Accountancy with AFS | BUSINESS STUDIES WITH FUNCTIONAL MANAGEMENT | COMPUTER APPLICATION-COM | Computer Application | ECONOMICS | ENGLISH | Economics | English | HINDI | Malayalam | Political Science
1013,Kerala State Open School,66,Science,BIOLOGY | CHEMISTRY | DATA ENTRY OPERATION | ENGLISH | HINDI | HOMESCIENCE | MALAYALAM | MATHEMATICS | PHYSICS
1013,Kerala State Open School,84,COMPUTER SCIENCE,CHEMISTRY | COMPUTER SCIENCE | Chemistry | Computer Science | ENGLISH | English | HINDI | Hindi | MATHEMATICS-SCI | Mathematics | PHYSICS | Physics
1014,"Board of Intermediate Education, A. P.",53,Commerce,Accountancy | Business studies | Civics | Commerce | Computer application | Economic | Economics | English | Malayalam | Mathematics-I | Mathematics-II | Sanskrit
1014,"Board of Intermediate Education, A. P.",55,Science,Botany | Chemistry | English | Mathematics | Mathematics-1A | Mathematics-2A | PHYSICS | Physics | SANSKRIT | Sanskrit | Telugu | ZOOLOGY | Zoology
1015,State Examinations Commission,56,Science,Bengali | Biology | Chemistry | English | French | Geography | Irish | Mathematics | Physics
1016,"GUJARAT HIGHER SECONDARY BOARD,GANDHINAGAR",59,BIOLOGY SCIENCE,BIOLOGY | CHEMISTRY | COMPUTER | ENGLISH | MATHEMATICS | PHYSICS
1017,"Maharashtra State Board Of Secondary And Higher Secondary Education, Pune",60,Science,Biology | Chemistry | Computer Science | English | Enviorment studies | Environment Education | Geography | Hindi | Information technology | Mathematics | Maths | Physics | Sanskrit
1017,"Maharashtra State Board Of Secondary And Higher Secondary Education, Pune",65,Commerce,BOOK KEEPING & ACCOUNTANCY | Book keeping & Accountancy | ECONOMICS | ENGLISH | Economics | English | Environment education | Hindi | MARATHI | ORGANISATION OF COMM & MGMT | Organisation of comm & mgmt | SECRETARIAL PRACTICE | Secretarial Practice
1017,"Maharashtra State Board Of Secondary And Higher Secondary Education, Pune",89,ARTS,ECONOMICS | ENGLISH | HISTORY | INFORMATION TECHNOLOGY | PSYCHOLOGY | SOCIOLOGY
1018,West Bengal Council of Higher Secondary Education,100,Arts,Bengali | Computer Applications | Economics | English | Geography | Mathematics
1018,West Bengal Council of Higher Secondary Education,61,Science,Bengali | Biology | Chemistry | English | Mathematics | Physics
1019,Telangana state board of Intermediate education,62,Science,Botany | Chemistry | English | French | Mathematics A | Mathematics B | Physics | Sanskrit | Telugu | Zoology
1019,Telangana state board of Intermediate education,64,COMMERCE,CIVICS | COMMERCE | COMMERCE AND ACCOUNTANCY | ECONOMICS | ENGLISH | FRENCH | TELUGU
1020,"COUNCIL OF HIGHER SECONDARY EDUCATION,ODISHA",101,ARTS,ECONOMICS | ENGLISH | HISTORY | LOGIC | MIL ALT. ENGLISH | TOURISM AND HOSPITALITY
1020,"COUNCIL OF HIGHER SECONDARY EDUCATION,ODISHA",67,SCIENCE,CHEMISTRY | ENGLISH | HINDI | INFORMATION AND TECHNOLOGY | MATHEMATICS | PHYSICS
1021,"NAGALAND BOARD OF SCHOOL EDUCATION,KOHIMA",68,COMMERCE,ACCOUNTANCY | BUSINESS STUDIES | ECONOMICS | ENGLISH | ENTREPRENEURSHIP | HINDI
1021,"NAGALAND BOARD OF SCHOOL EDUCATION,KOHIMA",83,SCIENCE,BIOLOGY | CHEMISTRY | ENGLISH | HINDI | MATHEMATICS | PHYSICS
1022,"General Certificate of Secondary Education (GCSE), UK",69,Science,Biology | Chemistry | Mathematics | Part I English | Part II English Literature | Physics
1026,MADHYA PRADESH BOARD OF SECONDARY EDUCATION,86,Science,CHEMISTRY | ENGLISH | HINDI | MATHS | PHYSICS
1027,Rural institute of open schooling,90,Science,Biology | Chemistry | English | Hindi | Mathematics | Physics
1028,Goa Board of Higher Secondary,91,Science,Biology | Chemistry | English | Hindi | Physics | Psychology
1029,"Jharhand state open school,jsos",93,Science,Chemistry | English | Environmental science | Mathmatics | Physics | Telugu
1030,Punjab School Education Board,97,Arts,Computer science | English(Elective) | Environmental Education | General English | General Punjabi | Philosophy | Political science | Welcome Life
1032,Mizoram Board of School Education (MBSE),99,Arts,Education | English | Geography | Mizo | Public administration
1033,Pre-Degree Mahatma Gandhi University,102,COMMERCE,Book keeping & Accountancy | Commerce | ENGLISH | MALAYALAM | economics
1034,Jammu and Kashmir board of secondary education (JKBOSE),103,Science,Biology | Chemistry | English | Physical education | Physics
